{
  "helpfulness": {
    "Beaver-V3": 1490.6857378286863,
    "Beaver-V2": 1292.9118353738706,
    "Beaver-V1": 1217.8172828820843,
    "Alpaca-7B": 1000.0,
    "ES-500": 1563.7906247801106
  },
  "harmlessness": {
    "Beaver-V3": 1429.7245259585343,
    "Beaver-V2": 1226.998682785405,
    "Beaver-V1": 1200.897088766721,
    "Alpaca-7B": 1000.0,
    "ES-500": 1554.4563854363405
  }
}